file_name,file_path,line_number,vulnerability_type,description
auth.py,src/auth/auth.py,45,SQL Injection,"User input is directly concatenated into SQL query without parameterization, allowing SQL injection attacks"
database.py,src/database/database.py,78,Hardcoded Credentials,"Database password is hardcoded in the source code, should be moved to environment variables or secure vault"
api_handler.py,src/api/api_handler.py,120,XSS (Cross-Site Scripting),"User-provided data is rendered in HTML without proper sanitization, allowing XSS attacks"
user_controller.cs,Controllers/UserController.cs,56,Insecure Deserialization,"User input is deserialized without validation, potentially allowing remote code execution"
data_service.java,com/example/service/DataService.java,89,Path Traversal,"File path is constructed using user input without validation, allowing access to unauthorized files"
