{
  "graph": {
    "directed": true,
    "multigraph": false,
    "graph": {},
    "nodes": [
      {
        "filename": "AdminPanel.cs",
        "language": "c_sharp",
        "num_functions": 10,
        "id": "C:\\Users\\ABHISHEK SANODIYA\\Desktop\\Dependency\\employee-attendance\\AdminPanel.cs"
      },
      {
        "filename": "AdminPanel.Designer.cs",
        "language": "c_sharp",
        "num_functions": 2,
        "id": "C:\\Users\\ABHISHEK SANODIYA\\Desktop\\Dependency\\employee-attendance\\AdminPanel.Designer.cs"
      },
      {
        "filename": "Attendance.cs",
        "language": "c_sharp",
        "num_functions": 9,
        "id": "C:\\Users\\ABHISHEK SANODIYA\\Desktop\\Dependency\\employee-attendance\\Attendance.cs"
      },
      {
        "filename": "Attendance.Designer.cs",
        "language": "c_sharp",
        "num_functions": 2,
        "id": "C:\\Users\\ABHISHEK SANODIYA\\Desktop\\Dependency\\employee-attendance\\Attendance.Designer.cs"
      },
      {
        "filename": "DatabaseConnection.cs",
        "language": "c_sharp",
        "num_functions": 2,
        "id": "C:\\Users\\ABHISHEK SANODIYA\\Desktop\\Dependency\\employee-attendance\\DatabaseConnection.cs"
      },
      {
        "filename": "Edit_emp.cs",
        "language": "c_sharp",
        "num_functions": 2,
        "id": "C:\\Users\\ABHISHEK SANODIYA\\Desktop\\Dependency\\employee-attendance\\Edit_emp.cs"
      },
      {
        "filename": "Edit_emp.Designer.cs",
        "language": "c_sharp",
        "num_functions": 2,
        "id": "C:\\Users\\ABHISHEK SANODIYA\\Desktop\\Dependency\\employee-attendance\\Edit_emp.Designer.cs"
      },
      {
        "filename": "Edit_emp2.cs",
        "language": "c_sharp",
        "num_functions": 0,
        "id": "C:\\Users\\ABHISHEK SANODIYA\\Desktop\\Dependency\\employee-attendance\\Edit_emp2.cs"
      },
      {
        "filename": "Edit_emp2.Designer.cs",
        "language": "c_sharp",
        "num_functions": 2,
        "id": "C:\\Users\\ABHISHEK SANODIYA\\Desktop\\Dependency\\employee-attendance\\Edit_emp2.Designer.cs"
      },
      {
        "filename": "EigenObjectRecognizer.cs",
        "language": "c_sharp",
        "num_functions": 7,
        "id": "C:\\Users\\ABHISHEK SANODIYA\\Desktop\\Dependency\\employee-attendance\\EigenObjectRecognizer.cs"
      },
      {
        "filename": "Enroll.cs",
        "language": "c_sharp",
        "num_functions": 10,
        "id": "C:\\Users\\ABHISHEK SANODIYA\\Desktop\\Dependency\\employee-attendance\\Enroll.cs"
      },
      {
        "filename": "Enroll.Designer.cs",
        "language": "c_sharp",
        "num_functions": 2,
        "id": "C:\\Users\\ABHISHEK SANODIYA\\Desktop\\Dependency\\employee-attendance\\Enroll.Designer.cs"
      },
      {
        "filename": "Form2.cs",
        "language": "c_sharp",
        "num_functions": 1,
        "id": "C:\\Users\\ABHISHEK SANODIYA\\Desktop\\Dependency\\employee-attendance\\Form2.cs"
      },
      {
        "filename": "Form2.Designer.cs",
        "language": "c_sharp",
        "num_functions": 2,
        "id": "C:\\Users\\ABHISHEK SANODIYA\\Desktop\\Dependency\\employee-attendance\\Form2.Designer.cs"
      },
      {
        "filename": "leave.cs",
        "language": "c_sharp",
        "num_functions": 0,
        "id": "C:\\Users\\ABHISHEK SANODIYA\\Desktop\\Dependency\\employee-attendance\\leave.cs"
      },
      {
        "filename": "leave.Designer.cs",
        "language": "c_sharp",
        "num_functions": 2,
        "id": "C:\\Users\\ABHISHEK SANODIYA\\Desktop\\Dependency\\employee-attendance\\leave.Designer.cs"
      },
      {
        "filename": "Login.cs",
        "language": "c_sharp",
        "num_functions": 1,
        "id": "C:\\Users\\ABHISHEK SANODIYA\\Desktop\\Dependency\\employee-attendance\\Login.cs"
      },
      {
        "filename": "Login.Designer.cs",
        "language": "c_sharp",
        "num_functions": 2,
        "id": "C:\\Users\\ABHISHEK SANODIYA\\Desktop\\Dependency\\employee-attendance\\Login.Designer.cs"
      },
      {
        "filename": "Panel.cs",
        "language": "c_sharp",
        "num_functions": 12,
        "id": "C:\\Users\\ABHISHEK SANODIYA\\Desktop\\Dependency\\employee-attendance\\Panel.cs"
      },
      {
        "filename": "Panel.Designer.cs",
        "language": "c_sharp",
        "num_functions": 2,
        "id": "C:\\Users\\ABHISHEK SANODIYA\\Desktop\\Dependency\\employee-attendance\\Panel.Designer.cs"
      },
      {
        "filename": "PayForm.cs",
        "language": "c_sharp",
        "num_functions": 9,
        "id": "C:\\Users\\ABHISHEK SANODIYA\\Desktop\\Dependency\\employee-attendance\\PayForm.cs"
      },
      {
        "filename": "PayForm.Designer.cs",
        "language": "c_sharp",
        "num_functions": 2,
        "id": "C:\\Users\\ABHISHEK SANODIYA\\Desktop\\Dependency\\employee-attendance\\PayForm.Designer.cs"
      },
      {
        "filename": "Program.cs",
        "language": "c_sharp",
        "num_functions": 1,
        "id": "C:\\Users\\ABHISHEK SANODIYA\\Desktop\\Dependency\\employee-attendance\\Program.cs"
      },
      {
        "filename": "Rep_Attend.cs",
        "language": "c_sharp",
        "num_functions": 2,
        "id": "C:\\Users\\ABHISHEK SANODIYA\\Desktop\\Dependency\\employee-attendance\\Rep_Attend.cs"
      },
      {
        "filename": "Rep_Attend.Designer.cs",
        "language": "c_sharp",
        "num_functions": 2,
        "id": "C:\\Users\\ABHISHEK SANODIYA\\Desktop\\Dependency\\employee-attendance\\Rep_Attend.Designer.cs"
      },
      {
        "filename": "AssemblyInfo.cs",
        "language": "c_sharp",
        "num_functions": 0,
        "id": "C:\\Users\\ABHISHEK SANODIYA\\Desktop\\Dependency\\employee-attendance\\Properties\\AssemblyInfo.cs"
      },
      {
        "filename": "Resources.Designer.cs",
        "language": "c_sharp",
        "num_functions": 0,
        "id": "C:\\Users\\ABHISHEK SANODIYA\\Desktop\\Dependency\\employee-attendance\\Properties\\Resources.Designer.cs"
      },
      {
        "filename": "Settings.Designer.cs",
        "language": "c_sharp",
        "num_functions": 0,
        "id": "C:\\Users\\ABHISHEK SANODIYA\\Desktop\\Dependency\\employee-attendance\\Properties\\Settings.Designer.cs"
      },
      {
        "filename": "ds_finalpro.Designer.cs",
        "language": "c_sharp",
        "num_functions": 65,
        "id": "C:\\Users\\ABHISHEK SANODIYA\\Desktop\\Dependency\\employee-attendance\\Resources\\ds_finalpro.Designer.cs"
      }
    ],
    "edges": [
      {
        "weight": 1,
        "source": "C:\\Users\\ABHISHEK SANODIYA\\Desktop\\Dependency\\employee-attendance\\AdminPanel.cs",
        "target": "C:\\Users\\ABHISHEK SANODIYA\\Desktop\\Dependency\\employee-attendance\\Rep_Attend.Designer.cs"
      },
      {
        "weight": 1,
        "source": "C:\\Users\\ABHISHEK SANODIYA\\Desktop\\Dependency\\employee-attendance\\AdminPanel.Designer.cs",
        "target": "C:\\Users\\ABHISHEK SANODIYA\\Desktop\\Dependency\\employee-attendance\\Rep_Attend.Designer.cs"
      },
      {
        "weight": 1,
        "source": "C:\\Users\\ABHISHEK SANODIYA\\Desktop\\Dependency\\employee-attendance\\Attendance.cs",
        "target": "C:\\Users\\ABHISHEK SANODIYA\\Desktop\\Dependency\\employee-attendance\\EigenObjectRecognizer.cs"
      },
      {
        "weight": 1,
        "source": "C:\\Users\\ABHISHEK SANODIYA\\Desktop\\Dependency\\employee-attendance\\Attendance.cs",
        "target": "C:\\Users\\ABHISHEK SANODIYA\\Desktop\\Dependency\\employee-attendance\\Rep_Attend.Designer.cs"
      },
      {
        "weight": 1,
        "source": "C:\\Users\\ABHISHEK SANODIYA\\Desktop\\Dependency\\employee-attendance\\Attendance.Designer.cs",
        "target": "C:\\Users\\ABHISHEK SANODIYA\\Desktop\\Dependency\\employee-attendance\\Rep_Attend.Designer.cs"
      },
      {
        "weight": 2,
        "source": "C:\\Users\\ABHISHEK SANODIYA\\Desktop\\Dependency\\employee-attendance\\DatabaseConnection.cs",
        "target": "C:\\Users\\ABHISHEK SANODIYA\\Desktop\\Dependency\\employee-attendance\\Resources\\ds_finalpro.Designer.cs"
      },
      {
        "weight": 1,
        "source": "C:\\Users\\ABHISHEK SANODIYA\\Desktop\\Dependency\\employee-attendance\\Edit_emp.cs",
        "target": "C:\\Users\\ABHISHEK SANODIYA\\Desktop\\Dependency\\employee-attendance\\Resources\\ds_finalpro.Designer.cs"
      },
      {
        "weight": 1,
        "source": "C:\\Users\\ABHISHEK SANODIYA\\Desktop\\Dependency\\employee-attendance\\Edit_emp.cs",
        "target": "C:\\Users\\ABHISHEK SANODIYA\\Desktop\\Dependency\\employee-attendance\\Rep_Attend.Designer.cs"
      },
      {
        "weight": 1,
        "source": "C:\\Users\\ABHISHEK SANODIYA\\Desktop\\Dependency\\employee-attendance\\Edit_emp.Designer.cs",
        "target": "C:\\Users\\ABHISHEK SANODIYA\\Desktop\\Dependency\\employee-attendance\\Rep_Attend.Designer.cs"
      },
      {
        "weight": 1,
        "source": "C:\\Users\\ABHISHEK SANODIYA\\Desktop\\Dependency\\employee-attendance\\Edit_emp2.cs",
        "target": "C:\\Users\\ABHISHEK SANODIYA\\Desktop\\Dependency\\employee-attendance\\Rep_Attend.Designer.cs"
      },
      {
        "weight": 1,
        "source": "C:\\Users\\ABHISHEK SANODIYA\\Desktop\\Dependency\\employee-attendance\\Edit_emp2.Designer.cs",
        "target": "C:\\Users\\ABHISHEK SANODIYA\\Desktop\\Dependency\\employee-attendance\\Rep_Attend.Designer.cs"
      },
      {
        "weight": 1,
        "source": "C:\\Users\\ABHISHEK SANODIYA\\Desktop\\Dependency\\employee-attendance\\Enroll.cs",
        "target": "C:\\Users\\ABHISHEK SANODIYA\\Desktop\\Dependency\\employee-attendance\\Rep_Attend.Designer.cs"
      },
      {
        "weight": 1,
        "source": "C:\\Users\\ABHISHEK SANODIYA\\Desktop\\Dependency\\employee-attendance\\Enroll.cs",
        "target": "C:\\Users\\ABHISHEK SANODIYA\\Desktop\\Dependency\\employee-attendance\\EigenObjectRecognizer.cs"
      },
      {
        "weight": 1,
        "source": "C:\\Users\\ABHISHEK SANODIYA\\Desktop\\Dependency\\employee-attendance\\Enroll.Designer.cs",
        "target": "C:\\Users\\ABHISHEK SANODIYA\\Desktop\\Dependency\\employee-attendance\\Rep_Attend.Designer.cs"
      },
      {
        "weight": 1,
        "source": "C:\\Users\\ABHISHEK SANODIYA\\Desktop\\Dependency\\employee-attendance\\Form2.cs",
        "target": "C:\\Users\\ABHISHEK SANODIYA\\Desktop\\Dependency\\employee-attendance\\Rep_Attend.Designer.cs"
      },
      {
        "weight": 1,
        "source": "C:\\Users\\ABHISHEK SANODIYA\\Desktop\\Dependency\\employee-attendance\\Form2.Designer.cs",
        "target": "C:\\Users\\ABHISHEK SANODIYA\\Desktop\\Dependency\\employee-attendance\\Rep_Attend.Designer.cs"
      },
      {
        "weight": 1,
        "source": "C:\\Users\\ABHISHEK SANODIYA\\Desktop\\Dependency\\employee-attendance\\leave.cs",
        "target": "C:\\Users\\ABHISHEK SANODIYA\\Desktop\\Dependency\\employee-attendance\\Rep_Attend.Designer.cs"
      },
      {
        "weight": 1,
        "source": "C:\\Users\\ABHISHEK SANODIYA\\Desktop\\Dependency\\employee-attendance\\leave.Designer.cs",
        "target": "C:\\Users\\ABHISHEK SANODIYA\\Desktop\\Dependency\\employee-attendance\\Rep_Attend.Designer.cs"
      },
      {
        "weight": 1,
        "source": "C:\\Users\\ABHISHEK SANODIYA\\Desktop\\Dependency\\employee-attendance\\Login.cs",
        "target": "C:\\Users\\ABHISHEK SANODIYA\\Desktop\\Dependency\\employee-attendance\\Rep_Attend.Designer.cs"
      },
      {
        "weight": 1,
        "source": "C:\\Users\\ABHISHEK SANODIYA\\Desktop\\Dependency\\employee-attendance\\Login.Designer.cs",
        "target": "C:\\Users\\ABHISHEK SANODIYA\\Desktop\\Dependency\\employee-attendance\\Rep_Attend.Designer.cs"
      },
      {
        "weight": 1,
        "source": "C:\\Users\\ABHISHEK SANODIYA\\Desktop\\Dependency\\employee-attendance\\Panel.cs",
        "target": "C:\\Users\\ABHISHEK SANODIYA\\Desktop\\Dependency\\employee-attendance\\EigenObjectRecognizer.cs"
      },
      {
        "weight": 1,
        "source": "C:\\Users\\ABHISHEK SANODIYA\\Desktop\\Dependency\\employee-attendance\\Panel.cs",
        "target": "C:\\Users\\ABHISHEK SANODIYA\\Desktop\\Dependency\\employee-attendance\\Rep_Attend.Designer.cs"
      },
      {
        "weight": 1,
        "source": "C:\\Users\\ABHISHEK SANODIYA\\Desktop\\Dependency\\employee-attendance\\Panel.Designer.cs",
        "target": "C:\\Users\\ABHISHEK SANODIYA\\Desktop\\Dependency\\employee-attendance\\Rep_Attend.Designer.cs"
      },
      {
        "weight": 1,
        "source": "C:\\Users\\ABHISHEK SANODIYA\\Desktop\\Dependency\\employee-attendance\\PayForm.cs",
        "target": "C:\\Users\\ABHISHEK SANODIYA\\Desktop\\Dependency\\employee-attendance\\Rep_Attend.Designer.cs"
      },
      {
        "weight": 1,
        "source": "C:\\Users\\ABHISHEK SANODIYA\\Desktop\\Dependency\\employee-attendance\\PayForm.Designer.cs",
        "target": "C:\\Users\\ABHISHEK SANODIYA\\Desktop\\Dependency\\employee-attendance\\Rep_Attend.Designer.cs"
      },
      {
        "weight": 1,
        "source": "C:\\Users\\ABHISHEK SANODIYA\\Desktop\\Dependency\\employee-attendance\\Rep_Attend.cs",
        "target": "C:\\Users\\ABHISHEK SANODIYA\\Desktop\\Dependency\\employee-attendance\\Resources\\ds_finalpro.Designer.cs"
      },
      {
        "weight": 1,
        "source": "C:\\Users\\ABHISHEK SANODIYA\\Desktop\\Dependency\\employee-attendance\\Rep_Attend.cs",
        "target": "C:\\Users\\ABHISHEK SANODIYA\\Desktop\\Dependency\\employee-attendance\\Rep_Attend.Designer.cs"
      }
    ]
  },
  "statistics": {
    "total_files": 29,
    "total_dependencies": 27,
    "total_functions": 120
  }
}