file,full_path,language,num_functions,functions_defined,dependencies,dependency_files,dependency_with_functions,dependency_full_paths,dependents,dependent_files,dependent_with_functions,dependent_full_paths,total_connections
AdminPanel.cs,C:\Users\ABHISHEK SANODIYA\Desktop\Dependency\employee-attendance\AdminPanel.cs,c_sharp,10,"AdminPanel_Load, addEmployeeToolStripMenuItem1_Click, checkAttendanceToolStripMenuItem1_Click, deleteEmployeeToolStripMenuItem1_Click, editEmployeeToolStripMenuItem1_Click, leaveRequestToolStripMenuItem_Click, logoutToolStripMenuItem_Click, markAttendanceToolStripMenuItem1_Click, reportToolStripMenuItem_Click, reportToolStripMenuItem_Click_1",1,Rep_Attend.Designer.cs,Rep_Attend.Designer.cs[InitializeComponent],C:\Users\ABHISHEK SANODIYA\Desktop\Dependency\employee-attendance\Rep_Attend.Designer.cs,0,,,,1
AdminPanel.Designer.cs,C:\Users\ABHISHEK SANODIYA\Desktop\Dependency\employee-attendance\AdminPanel.Designer.cs,c_sharp,2,"Dispose, InitializeComponent",1,Rep_Attend.Designer.cs,Rep_Attend.Designer.cs[Dispose],C:\Users\ABHISHEK SANODIYA\Desktop\Dependency\employee-attendance\Rep_Attend.Designer.cs,0,,,,1
Attendance.cs,C:\Users\ABHISHEK SANODIYA\Desktop\Dependency\employee-attendance\Attendance.cs,c_sharp,9,"Attendance_Load, Date_Click, FrameGrabber, button1_Click, button3_Click, label4_Click, label4_TextChanged, timer1_Tick, toolStrip1_ItemClicked",2,EigenObjectRecognizer.cs | Rep_Attend.Designer.cs,EigenObjectRecognizer.cs[Recognize] | Rep_Attend.Designer.cs[InitializeComponent],C:\Users\ABHISHEK SANODIYA\Desktop\Dependency\employee-attendance\EigenObjectRecognizer.cs | C:\Users\ABHISHEK SANODIYA\Desktop\Dependency\employee-attendance\Rep_Attend.Designer.cs,0,,,,2
Attendance.Designer.cs,C:\Users\ABHISHEK SANODIYA\Desktop\Dependency\employee-attendance\Attendance.Designer.cs,c_sharp,2,"Dispose, InitializeComponent",1,Rep_Attend.Designer.cs,Rep_Attend.Designer.cs[Dispose],C:\Users\ABHISHEK SANODIYA\Desktop\Dependency\employee-attendance\Rep_Attend.Designer.cs,0,,,,1
DatabaseConnection.cs,C:\Users\ABHISHEK SANODIYA\Desktop\Dependency\employee-attendance\DatabaseConnection.cs,c_sharp,2,"MyDataSet, UpdateDatabase",1,ds_finalpro.Designer.cs,"ds_finalpro.Designer.cs[Fill, Update]",C:\Users\ABHISHEK SANODIYA\Desktop\Dependency\employee-attendance\Resources\ds_finalpro.Designer.cs,0,,,,1
Edit_emp.cs,C:\Users\ABHISHEK SANODIYA\Desktop\Dependency\employee-attendance\Edit_emp.cs,c_sharp,2,"Edit_emp_Load, button1_Click",2,ds_finalpro.Designer.cs | Rep_Attend.Designer.cs,ds_finalpro.Designer.cs[Fill] | Rep_Attend.Designer.cs[InitializeComponent],C:\Users\ABHISHEK SANODIYA\Desktop\Dependency\employee-attendance\Resources\ds_finalpro.Designer.cs | C:\Users\ABHISHEK SANODIYA\Desktop\Dependency\employee-attendance\Rep_Attend.Designer.cs,0,,,,2
Edit_emp.Designer.cs,C:\Users\ABHISHEK SANODIYA\Desktop\Dependency\employee-attendance\Edit_emp.Designer.cs,c_sharp,2,"Dispose, InitializeComponent",1,Rep_Attend.Designer.cs,Rep_Attend.Designer.cs[Dispose],C:\Users\ABHISHEK SANODIYA\Desktop\Dependency\employee-attendance\Rep_Attend.Designer.cs,0,,,,1
Edit_emp2.cs,C:\Users\ABHISHEK SANODIYA\Desktop\Dependency\employee-attendance\Edit_emp2.cs,c_sharp,0,,1,Rep_Attend.Designer.cs,Rep_Attend.Designer.cs[InitializeComponent],C:\Users\ABHISHEK SANODIYA\Desktop\Dependency\employee-attendance\Rep_Attend.Designer.cs,0,,,,1
Edit_emp2.Designer.cs,C:\Users\ABHISHEK SANODIYA\Desktop\Dependency\employee-attendance\Edit_emp2.Designer.cs,c_sharp,2,"Dispose, InitializeComponent",1,Rep_Attend.Designer.cs,Rep_Attend.Designer.cs[Dispose],C:\Users\ABHISHEK SANODIYA\Desktop\Dependency\employee-attendance\Rep_Attend.Designer.cs,0,,,,1
EigenObjectRecognizer.cs,C:\Users\ABHISHEK SANODIYA\Desktop\Dependency\employee-attendance\EigenObjectRecognizer.cs,c_sharp,7,"CalcEigenObjects, EigenDecomposite, EigenProjection, FindMostSimilarObject, GenerateLabels, GetEigenDistances, Recognize",0,,,,3,Attendance.cs | Enroll.cs | Panel.cs,Attendance.cs[Recognize] | Enroll.cs[Recognize] | Panel.cs[Recognize],C:\Users\ABHISHEK SANODIYA\Desktop\Dependency\employee-attendance\Attendance.cs | C:\Users\ABHISHEK SANODIYA\Desktop\Dependency\employee-attendance\Enroll.cs | C:\Users\ABHISHEK SANODIYA\Desktop\Dependency\employee-attendance\Panel.cs,3
Enroll.cs,C:\Users\ABHISHEK SANODIYA\Desktop\Dependency\employee-attendance\Enroll.cs,c_sharp,10,"AddBtn_Click, Enroll_Load, FrameGrabber, SaveBtn_Click, comboBox1_SelectedIndexChanged, comboBox2_SelectedIndexChanged, label6_Click, timer1_Tick, timer1_Tick_1, toolStripLabel6_Click",2,Rep_Attend.Designer.cs | EigenObjectRecognizer.cs,Rep_Attend.Designer.cs[InitializeComponent] | EigenObjectRecognizer.cs[Recognize],C:\Users\ABHISHEK SANODIYA\Desktop\Dependency\employee-attendance\Rep_Attend.Designer.cs | C:\Users\ABHISHEK SANODIYA\Desktop\Dependency\employee-attendance\EigenObjectRecognizer.cs,0,,,,2
Enroll.Designer.cs,C:\Users\ABHISHEK SANODIYA\Desktop\Dependency\employee-attendance\Enroll.Designer.cs,c_sharp,2,"Dispose, InitializeComponent",1,Rep_Attend.Designer.cs,Rep_Attend.Designer.cs[Dispose],C:\Users\ABHISHEK SANODIYA\Desktop\Dependency\employee-attendance\Rep_Attend.Designer.cs,0,,,,1
Form2.cs,C:\Users\ABHISHEK SANODIYA\Desktop\Dependency\employee-attendance\Form2.cs,c_sharp,1,Form2_FormClosed,1,Rep_Attend.Designer.cs,Rep_Attend.Designer.cs[InitializeComponent],C:\Users\ABHISHEK SANODIYA\Desktop\Dependency\employee-attendance\Rep_Attend.Designer.cs,0,,,,1
Form2.Designer.cs,C:\Users\ABHISHEK SANODIYA\Desktop\Dependency\employee-attendance\Form2.Designer.cs,c_sharp,2,"Dispose, InitializeComponent",1,Rep_Attend.Designer.cs,Rep_Attend.Designer.cs[Dispose],C:\Users\ABHISHEK SANODIYA\Desktop\Dependency\employee-attendance\Rep_Attend.Designer.cs,0,,,,1
leave.cs,C:\Users\ABHISHEK SANODIYA\Desktop\Dependency\employee-attendance\leave.cs,c_sharp,0,,1,Rep_Attend.Designer.cs,Rep_Attend.Designer.cs[InitializeComponent],C:\Users\ABHISHEK SANODIYA\Desktop\Dependency\employee-attendance\Rep_Attend.Designer.cs,0,,,,1
leave.Designer.cs,C:\Users\ABHISHEK SANODIYA\Desktop\Dependency\employee-attendance\leave.Designer.cs,c_sharp,2,"Dispose, InitializeComponent",1,Rep_Attend.Designer.cs,Rep_Attend.Designer.cs[Dispose],C:\Users\ABHISHEK SANODIYA\Desktop\Dependency\employee-attendance\Rep_Attend.Designer.cs,0,,,,1
Login.cs,C:\Users\ABHISHEK SANODIYA\Desktop\Dependency\employee-attendance\Login.cs,c_sharp,1,button1_Click,1,Rep_Attend.Designer.cs,Rep_Attend.Designer.cs[InitializeComponent],C:\Users\ABHISHEK SANODIYA\Desktop\Dependency\employee-attendance\Rep_Attend.Designer.cs,0,,,,1
Login.Designer.cs,C:\Users\ABHISHEK SANODIYA\Desktop\Dependency\employee-attendance\Login.Designer.cs,c_sharp,2,"Dispose, InitializeComponent",1,Rep_Attend.Designer.cs,Rep_Attend.Designer.cs[Dispose],C:\Users\ABHISHEK SANODIYA\Desktop\Dependency\employee-attendance\Rep_Attend.Designer.cs,0,,,,1
Panel.cs,C:\Users\ABHISHEK SANODIYA\Desktop\Dependency\employee-attendance\Panel.cs,c_sharp,12,"FrameGrabber, Panel_Load, attendanceToolStripMenuItem2_Click, deleteEmployeeToolStripMenuItem1_Click, editEmployeeToolStripMenuItem_Click, employeeToolStripMenuItem_Click, groupBox1_Enter, leaveRequestToolStripMenuItem_Click, logoutToolStripMenuItem_Click, markToolStripMenuItem_Click, payslipToolStripMenuItem_Click, timer1_Tick",2,EigenObjectRecognizer.cs | Rep_Attend.Designer.cs,EigenObjectRecognizer.cs[Recognize] | Rep_Attend.Designer.cs[InitializeComponent],C:\Users\ABHISHEK SANODIYA\Desktop\Dependency\employee-attendance\EigenObjectRecognizer.cs | C:\Users\ABHISHEK SANODIYA\Desktop\Dependency\employee-attendance\Rep_Attend.Designer.cs,0,,,,2
Panel.Designer.cs,C:\Users\ABHISHEK SANODIYA\Desktop\Dependency\employee-attendance\Panel.Designer.cs,c_sharp,2,"Dispose, InitializeComponent",1,Rep_Attend.Designer.cs,Rep_Attend.Designer.cs[Dispose],C:\Users\ABHISHEK SANODIYA\Desktop\Dependency\employee-attendance\Rep_Attend.Designer.cs,0,,,,1
PayForm.cs,C:\Users\ABHISHEK SANODIYA\Desktop\Dependency\employee-attendance\PayForm.cs,c_sharp,9,"PayForm_Load, button1_Click, comboBox12_SelectedIndexChanged, comboBox1_SelectedIndexChanged, comboBox2_SelectedIndexChanged, comboBox3_SelectedIndexChanged, comboBox4_SelectedIndexChanged, comboBox5_SelectedIndexChanged, comboBox6_SelectedIndexChanged",1,Rep_Attend.Designer.cs,Rep_Attend.Designer.cs[InitializeComponent],C:\Users\ABHISHEK SANODIYA\Desktop\Dependency\employee-attendance\Rep_Attend.Designer.cs,0,,,,1
PayForm.Designer.cs,C:\Users\ABHISHEK SANODIYA\Desktop\Dependency\employee-attendance\PayForm.Designer.cs,c_sharp,2,"Dispose, InitializeComponent",1,Rep_Attend.Designer.cs,Rep_Attend.Designer.cs[Dispose],C:\Users\ABHISHEK SANODIYA\Desktop\Dependency\employee-attendance\Rep_Attend.Designer.cs,0,,,,1
Program.cs,C:\Users\ABHISHEK SANODIYA\Desktop\Dependency\employee-attendance\Program.cs,c_sharp,1,Main,0,,,,0,,,,0
Rep_Attend.cs,C:\Users\ABHISHEK SANODIYA\Desktop\Dependency\employee-attendance\Rep_Attend.cs,c_sharp,2,"Rep_Attend_Load, button1_Click",2,ds_finalpro.Designer.cs | Rep_Attend.Designer.cs,ds_finalpro.Designer.cs[Fill] | Rep_Attend.Designer.cs[InitializeComponent],C:\Users\ABHISHEK SANODIYA\Desktop\Dependency\employee-attendance\Resources\ds_finalpro.Designer.cs | C:\Users\ABHISHEK SANODIYA\Desktop\Dependency\employee-attendance\Rep_Attend.Designer.cs,0,,,,2
Rep_Attend.Designer.cs,C:\Users\ABHISHEK SANODIYA\Desktop\Dependency\employee-attendance\Rep_Attend.Designer.cs,c_sharp,2,"Dispose, InitializeComponent",0,,,,21,AdminPanel.cs | AdminPanel.Designer.cs | Attendance.cs | Attendance.Designer.cs | Edit_emp.cs | Edit_emp.Designer.cs | Edit_emp2.cs | Edit_emp2.Designer.cs | Enroll.cs | Enroll.Designer.cs | Form2.cs | Form2.Designer.cs | leave.cs | leave.Designer.cs | Login.cs | Login.Designer.cs | Panel.cs | Panel.Designer.cs | PayForm.cs | PayForm.Designer.cs | Rep_Attend.cs,AdminPanel.cs[InitializeComponent] | AdminPanel.Designer.cs[Dispose] | Attendance.cs[InitializeComponent] | Attendance.Designer.cs[Dispose] | Edit_emp.cs[InitializeComponent] | Edit_emp.Designer.cs[Dispose] | Edit_emp2.cs[InitializeComponent] | Edit_emp2.Designer.cs[Dispose] | Enroll.cs[InitializeComponent] | Enroll.Designer.cs[Dispose] | Form2.cs[InitializeComponent] | Form2.Designer.cs[Dispose] | leave.cs[InitializeComponent] | leave.Designer.cs[Dispose] | Login.cs[InitializeComponent] | Login.Designer.cs[Dispose] | Panel.cs[InitializeComponent] | Panel.Designer.cs[Dispose] | PayForm.cs[InitializeComponent] | PayForm.Designer.cs[Dispose] | Rep_Attend.cs[InitializeComponent],C:\Users\ABHISHEK SANODIYA\Desktop\Dependency\employee-attendance\AdminPanel.cs | C:\Users\ABHISHEK SANODIYA\Desktop\Dependency\employee-attendance\AdminPanel.Designer.cs | C:\Users\ABHISHEK SANODIYA\Desktop\Dependency\employee-attendance\Attendance.cs | C:\Users\ABHISHEK SANODIYA\Desktop\Dependency\employee-attendance\Attendance.Designer.cs | C:\Users\ABHISHEK SANODIYA\Desktop\Dependency\employee-attendance\Edit_emp.cs | C:\Users\ABHISHEK SANODIYA\Desktop\Dependency\employee-attendance\Edit_emp.Designer.cs | C:\Users\ABHISHEK SANODIYA\Desktop\Dependency\employee-attendance\Edit_emp2.cs | C:\Users\ABHISHEK SANODIYA\Desktop\Dependency\employee-attendance\Edit_emp2.Designer.cs | C:\Users\ABHISHEK SANODIYA\Desktop\Dependency\employee-attendance\Enroll.cs | C:\Users\ABHISHEK SANODIYA\Desktop\Dependency\employee-attendance\Enroll.Designer.cs | C:\Users\ABHISHEK SANODIYA\Desktop\Dependency\employee-attendance\Form2.cs | C:\Users\ABHISHEK SANODIYA\Desktop\Dependency\employee-attendance\Form2.Designer.cs | C:\Users\ABHISHEK SANODIYA\Desktop\Dependency\employee-attendance\leave.cs | C:\Users\ABHISHEK SANODIYA\Desktop\Dependency\employee-attendance\leave.Designer.cs | C:\Users\ABHISHEK SANODIYA\Desktop\Dependency\employee-attendance\Login.cs | C:\Users\ABHISHEK SANODIYA\Desktop\Dependency\employee-attendance\Login.Designer.cs | C:\Users\ABHISHEK SANODIYA\Desktop\Dependency\employee-attendance\Panel.cs | C:\Users\ABHISHEK SANODIYA\Desktop\Dependency\employee-attendance\Panel.Designer.cs | C:\Users\ABHISHEK SANODIYA\Desktop\Dependency\employee-attendance\PayForm.cs | C:\Users\ABHISHEK SANODIYA\Desktop\Dependency\employee-attendance\PayForm.Designer.cs | C:\Users\ABHISHEK SANODIYA\Desktop\Dependency\employee-attendance\Rep_Attend.cs,21
AssemblyInfo.cs,C:\Users\ABHISHEK SANODIYA\Desktop\Dependency\employee-attendance\Properties\AssemblyInfo.cs,c_sharp,0,,0,,,,0,,,,0
Resources.Designer.cs,C:\Users\ABHISHEK SANODIYA\Desktop\Dependency\employee-attendance\Properties\Resources.Designer.cs,c_sharp,0,,0,,,,0,,,,0
Settings.Designer.cs,C:\Users\ABHISHEK SANODIYA\Desktop\Dependency\employee-attendance\Properties\Settings.Designer.cs,c_sharp,0,,0,,,,0,,,,0
ds_finalpro.Designer.cs,C:\Users\ABHISHEK SANODIYA\Desktop\Dependency\employee-attendance\Resources\ds_finalpro.Designer.cs,c_sharp,65,"Addtbl_AdminRow, Addtbl_AttendRow, Addtbl_EmpRow, Addtbl_EnrollRow, Addtbl_deptRow, Clone, Compare, CreateInstance, Delete, Fill, FindByAdmin_Id, FindByAttend_Id, FindByDept_Id, FindByEmp_Id, FindByEnroll_Id, GetData, GetRealUpdatedRows, GetRoot, GetRowType, GetSchemaSerializable, GetTypedDataSetSchema, GetTypedTableSchema, Gettbl_AttendRows, Gettbl_EmpRows, Gettbl_EnrollRows, InitAdapter, InitClass, InitCommandCollection, InitConnection, InitVars, InitializeDerivedDataSet, Insert, IsImg_ModelNull, MatchTableAdapterConnection, NewRowFromBuilder, Newtbl_AdminRow, Newtbl_AttendRow, Newtbl_EmpRow, Newtbl_EnrollRow, Newtbl_deptRow, OnRowChanged, OnRowChanging, OnRowDeleted, OnRowDeleting, ReadXmlSerializable, Removetbl_AdminRow, Removetbl_AttendRow, Removetbl_EmpRow, Removetbl_EnrollRow, Removetbl_deptRow, SchemaChanged, SetImg_ModelNull, ShouldSerializeRelations, ShouldSerializeTables, ShouldSerializetbl_Admin, ShouldSerializetbl_Attend, ShouldSerializetbl_Emp, ShouldSerializetbl_Enroll, ShouldSerializetbl_dept, SortSelfReferenceRows, Update, UpdateAll, UpdateDeletedRows, UpdateInsertedRows, UpdateUpdatedRows",0,,,,3,DatabaseConnection.cs | Edit_emp.cs | Rep_Attend.cs,"DatabaseConnection.cs[Fill, Update] | Edit_emp.cs[Fill] | Rep_Attend.cs[Fill]",C:\Users\ABHISHEK SANODIYA\Desktop\Dependency\employee-attendance\DatabaseConnection.cs | C:\Users\ABHISHEK SANODIYA\Desktop\Dependency\employee-attendance\Edit_emp.cs | C:\Users\ABHISHEK SANODIYA\Desktop\Dependency\employee-attendance\Rep_Attend.cs,3
