function_name,defined_in_file,defined_in_full_path,language
markAttendanceToolStripMenuItem1_Click,AdminPanel.cs,C:\Users\ABHISHEK SANODIYA\Desktop\Dependency\employee-attendance\AdminPanel.cs,c_sharp
addEmployeeToolStripMenuItem1_Click,AdminPanel.cs,C:\Users\ABHISHEK SANODIYA\Desktop\Dependency\employee-attendance\AdminPanel.cs,c_sharp
deleteEmployeeToolStripMenuItem1_Click,Panel.cs,C:\Users\ABHISHEK SANODIYA\Desktop\Dependency\employee-attendance\Panel.cs,c_sharp
checkAttendanceToolStripMenuItem1_Click,AdminPanel.cs,C:\Users\ABHISHEK SANODIYA\Desktop\Dependency\employee-attendance\AdminPanel.cs,c_sharp
leaveRequestToolStripMenuItem_Click,Panel.cs,C:\Users\ABHISHEK SANODIYA\Desktop\Dependency\employee-attendance\Panel.cs,c_sharp
reportToolStripMenuItem_Click_1,AdminPanel.cs,C:\Users\ABHISHEK SANODIYA\Desktop\Dependency\employee-attendance\AdminPanel.cs,c_sharp
AdminPanel_Load,AdminPanel.cs,C:\Users\ABHISHEK SANODIYA\Desktop\Dependency\employee-attendance\AdminPanel.cs,c_sharp
logoutToolStripMenuItem_Click,Panel.cs,C:\Users\ABHISHEK SANODIYA\Desktop\Dependency\employee-attendance\Panel.cs,c_sharp
editEmployeeToolStripMenuItem1_Click,AdminPanel.cs,C:\Users\ABHISHEK SANODIYA\Desktop\Dependency\employee-attendance\AdminPanel.cs,c_sharp
reportToolStripMenuItem_Click,AdminPanel.cs,C:\Users\ABHISHEK SANODIYA\Desktop\Dependency\employee-attendance\AdminPanel.cs,c_sharp
Dispose,Rep_Attend.Designer.cs,C:\Users\ABHISHEK SANODIYA\Desktop\Dependency\employee-attendance\Rep_Attend.Designer.cs,c_sharp
InitializeComponent,Rep_Attend.Designer.cs,C:\Users\ABHISHEK SANODIYA\Desktop\Dependency\employee-attendance\Rep_Attend.Designer.cs,c_sharp
FrameGrabber,Panel.cs,C:\Users\ABHISHEK SANODIYA\Desktop\Dependency\employee-attendance\Panel.cs,c_sharp
button3_Click,Attendance.cs,C:\Users\ABHISHEK SANODIYA\Desktop\Dependency\employee-attendance\Attendance.cs,c_sharp
timer1_Tick,Panel.cs,C:\Users\ABHISHEK SANODIYA\Desktop\Dependency\employee-attendance\Panel.cs,c_sharp
toolStrip1_ItemClicked,Attendance.cs,C:\Users\ABHISHEK SANODIYA\Desktop\Dependency\employee-attendance\Attendance.cs,c_sharp
Date_Click,Attendance.cs,C:\Users\ABHISHEK SANODIYA\Desktop\Dependency\employee-attendance\Attendance.cs,c_sharp
Attendance_Load,Attendance.cs,C:\Users\ABHISHEK SANODIYA\Desktop\Dependency\employee-attendance\Attendance.cs,c_sharp
label4_Click,Attendance.cs,C:\Users\ABHISHEK SANODIYA\Desktop\Dependency\employee-attendance\Attendance.cs,c_sharp
label4_TextChanged,Attendance.cs,C:\Users\ABHISHEK SANODIYA\Desktop\Dependency\employee-attendance\Attendance.cs,c_sharp
button1_Click,Rep_Attend.cs,C:\Users\ABHISHEK SANODIYA\Desktop\Dependency\employee-attendance\Rep_Attend.cs,c_sharp
MyDataSet,DatabaseConnection.cs,C:\Users\ABHISHEK SANODIYA\Desktop\Dependency\employee-attendance\DatabaseConnection.cs,c_sharp
UpdateDatabase,DatabaseConnection.cs,C:\Users\ABHISHEK SANODIYA\Desktop\Dependency\employee-attendance\DatabaseConnection.cs,c_sharp
Edit_emp_Load,Edit_emp.cs,C:\Users\ABHISHEK SANODIYA\Desktop\Dependency\employee-attendance\Edit_emp.cs,c_sharp
GenerateLabels,EigenObjectRecognizer.cs,C:\Users\ABHISHEK SANODIYA\Desktop\Dependency\employee-attendance\EigenObjectRecognizer.cs,c_sharp
GetEigenDistances,EigenObjectRecognizer.cs,C:\Users\ABHISHEK SANODIYA\Desktop\Dependency\employee-attendance\EigenObjectRecognizer.cs,c_sharp
EigenProjection,EigenObjectRecognizer.cs,C:\Users\ABHISHEK SANODIYA\Desktop\Dependency\employee-attendance\EigenObjectRecognizer.cs,c_sharp
FindMostSimilarObject,EigenObjectRecognizer.cs,C:\Users\ABHISHEK SANODIYA\Desktop\Dependency\employee-attendance\EigenObjectRecognizer.cs,c_sharp
Recognize,EigenObjectRecognizer.cs,C:\Users\ABHISHEK SANODIYA\Desktop\Dependency\employee-attendance\EigenObjectRecognizer.cs,c_sharp
EigenDecomposite,EigenObjectRecognizer.cs,C:\Users\ABHISHEK SANODIYA\Desktop\Dependency\employee-attendance\EigenObjectRecognizer.cs,c_sharp
CalcEigenObjects,EigenObjectRecognizer.cs,C:\Users\ABHISHEK SANODIYA\Desktop\Dependency\employee-attendance\EigenObjectRecognizer.cs,c_sharp
label6_Click,Enroll.cs,C:\Users\ABHISHEK SANODIYA\Desktop\Dependency\employee-attendance\Enroll.cs,c_sharp
toolStripLabel6_Click,Enroll.cs,C:\Users\ABHISHEK SANODIYA\Desktop\Dependency\employee-attendance\Enroll.cs,c_sharp
SaveBtn_Click,Enroll.cs,C:\Users\ABHISHEK SANODIYA\Desktop\Dependency\employee-attendance\Enroll.cs,c_sharp
comboBox1_SelectedIndexChanged,PayForm.cs,C:\Users\ABHISHEK SANODIYA\Desktop\Dependency\employee-attendance\PayForm.cs,c_sharp
timer1_Tick_1,Enroll.cs,C:\Users\ABHISHEK SANODIYA\Desktop\Dependency\employee-attendance\Enroll.cs,c_sharp
comboBox2_SelectedIndexChanged,PayForm.cs,C:\Users\ABHISHEK SANODIYA\Desktop\Dependency\employee-attendance\PayForm.cs,c_sharp
Enroll_Load,Enroll.cs,C:\Users\ABHISHEK SANODIYA\Desktop\Dependency\employee-attendance\Enroll.cs,c_sharp
AddBtn_Click,Enroll.cs,C:\Users\ABHISHEK SANODIYA\Desktop\Dependency\employee-attendance\Enroll.cs,c_sharp
Form2_FormClosed,Form2.cs,C:\Users\ABHISHEK SANODIYA\Desktop\Dependency\employee-attendance\Form2.cs,c_sharp
Panel_Load,Panel.cs,C:\Users\ABHISHEK SANODIYA\Desktop\Dependency\employee-attendance\Panel.cs,c_sharp
attendanceToolStripMenuItem2_Click,Panel.cs,C:\Users\ABHISHEK SANODIYA\Desktop\Dependency\employee-attendance\Panel.cs,c_sharp
employeeToolStripMenuItem_Click,Panel.cs,C:\Users\ABHISHEK SANODIYA\Desktop\Dependency\employee-attendance\Panel.cs,c_sharp
groupBox1_Enter,Panel.cs,C:\Users\ABHISHEK SANODIYA\Desktop\Dependency\employee-attendance\Panel.cs,c_sharp
editEmployeeToolStripMenuItem_Click,Panel.cs,C:\Users\ABHISHEK SANODIYA\Desktop\Dependency\employee-attendance\Panel.cs,c_sharp
payslipToolStripMenuItem_Click,Panel.cs,C:\Users\ABHISHEK SANODIYA\Desktop\Dependency\employee-attendance\Panel.cs,c_sharp
markToolStripMenuItem_Click,Panel.cs,C:\Users\ABHISHEK SANODIYA\Desktop\Dependency\employee-attendance\Panel.cs,c_sharp
PayForm_Load,PayForm.cs,C:\Users\ABHISHEK SANODIYA\Desktop\Dependency\employee-attendance\PayForm.cs,c_sharp
comboBox3_SelectedIndexChanged,PayForm.cs,C:\Users\ABHISHEK SANODIYA\Desktop\Dependency\employee-attendance\PayForm.cs,c_sharp
comboBox5_SelectedIndexChanged,PayForm.cs,C:\Users\ABHISHEK SANODIYA\Desktop\Dependency\employee-attendance\PayForm.cs,c_sharp
comboBox12_SelectedIndexChanged,PayForm.cs,C:\Users\ABHISHEK SANODIYA\Desktop\Dependency\employee-attendance\PayForm.cs,c_sharp
comboBox4_SelectedIndexChanged,PayForm.cs,C:\Users\ABHISHEK SANODIYA\Desktop\Dependency\employee-attendance\PayForm.cs,c_sharp
comboBox6_SelectedIndexChanged,PayForm.cs,C:\Users\ABHISHEK SANODIYA\Desktop\Dependency\employee-attendance\PayForm.cs,c_sharp
Main,Program.cs,C:\Users\ABHISHEK SANODIYA\Desktop\Dependency\employee-attendance\Program.cs,c_sharp
Rep_Attend_Load,Rep_Attend.cs,C:\Users\ABHISHEK SANODIYA\Desktop\Dependency\employee-attendance\Rep_Attend.cs,c_sharp
Addtbl_deptRow,ds_finalpro.Designer.cs,C:\Users\ABHISHEK SANODIYA\Desktop\Dependency\employee-attendance\Resources\ds_finalpro.Designer.cs,c_sharp
Clone,ds_finalpro.Designer.cs,C:\Users\ABHISHEK SANODIYA\Desktop\Dependency\employee-attendance\Resources\ds_finalpro.Designer.cs,c_sharp
Insert,ds_finalpro.Designer.cs,C:\Users\ABHISHEK SANODIYA\Desktop\Dependency\employee-attendance\Resources\ds_finalpro.Designer.cs,c_sharp
InitClass,ds_finalpro.Designer.cs,C:\Users\ABHISHEK SANODIYA\Desktop\Dependency\employee-attendance\Resources\ds_finalpro.Designer.cs,c_sharp
ShouldSerializetbl_Enroll,ds_finalpro.Designer.cs,C:\Users\ABHISHEK SANODIYA\Desktop\Dependency\employee-attendance\Resources\ds_finalpro.Designer.cs,c_sharp
Addtbl_EmpRow,ds_finalpro.Designer.cs,C:\Users\ABHISHEK SANODIYA\Desktop\Dependency\employee-attendance\Resources\ds_finalpro.Designer.cs,c_sharp
Addtbl_EnrollRow,ds_finalpro.Designer.cs,C:\Users\ABHISHEK SANODIYA\Desktop\Dependency\employee-attendance\Resources\ds_finalpro.Designer.cs,c_sharp
IsImg_ModelNull,ds_finalpro.Designer.cs,C:\Users\ABHISHEK SANODIYA\Desktop\Dependency\employee-attendance\Resources\ds_finalpro.Designer.cs,c_sharp
NewRowFromBuilder,ds_finalpro.Designer.cs,C:\Users\ABHISHEK SANODIYA\Desktop\Dependency\employee-attendance\Resources\ds_finalpro.Designer.cs,c_sharp
OnRowChanging,ds_finalpro.Designer.cs,C:\Users\ABHISHEK SANODIYA\Desktop\Dependency\employee-attendance\Resources\ds_finalpro.Designer.cs,c_sharp
ShouldSerializetbl_Emp,ds_finalpro.Designer.cs,C:\Users\ABHISHEK SANODIYA\Desktop\Dependency\employee-attendance\Resources\ds_finalpro.Designer.cs,c_sharp
SchemaChanged,ds_finalpro.Designer.cs,C:\Users\ABHISHEK SANODIYA\Desktop\Dependency\employee-attendance\Resources\ds_finalpro.Designer.cs,c_sharp
Removetbl_deptRow,ds_finalpro.Designer.cs,C:\Users\ABHISHEK SANODIYA\Desktop\Dependency\employee-attendance\Resources\ds_finalpro.Designer.cs,c_sharp
Removetbl_EmpRow,ds_finalpro.Designer.cs,C:\Users\ABHISHEK SANODIYA\Desktop\Dependency\employee-attendance\Resources\ds_finalpro.Designer.cs,c_sharp
FindByEnroll_Id,ds_finalpro.Designer.cs,C:\Users\ABHISHEK SANODIYA\Desktop\Dependency\employee-attendance\Resources\ds_finalpro.Designer.cs,c_sharp
UpdateUpdatedRows,ds_finalpro.Designer.cs,C:\Users\ABHISHEK SANODIYA\Desktop\Dependency\employee-attendance\Resources\ds_finalpro.Designer.cs,c_sharp
GetData,ds_finalpro.Designer.cs,C:\Users\ABHISHEK SANODIYA\Desktop\Dependency\employee-attendance\Resources\ds_finalpro.Designer.cs,c_sharp
UpdateAll,ds_finalpro.Designer.cs,C:\Users\ABHISHEK SANODIYA\Desktop\Dependency\employee-attendance\Resources\ds_finalpro.Designer.cs,c_sharp
FindByAttend_Id,ds_finalpro.Designer.cs,C:\Users\ABHISHEK SANODIYA\Desktop\Dependency\employee-attendance\Resources\ds_finalpro.Designer.cs,c_sharp
InitializeDerivedDataSet,ds_finalpro.Designer.cs,C:\Users\ABHISHEK SANODIYA\Desktop\Dependency\employee-attendance\Resources\ds_finalpro.Designer.cs,c_sharp
Newtbl_EnrollRow,ds_finalpro.Designer.cs,C:\Users\ABHISHEK SANODIYA\Desktop\Dependency\employee-attendance\Resources\ds_finalpro.Designer.cs,c_sharp
FindByEmp_Id,ds_finalpro.Designer.cs,C:\Users\ABHISHEK SANODIYA\Desktop\Dependency\employee-attendance\Resources\ds_finalpro.Designer.cs,c_sharp
InitVars,ds_finalpro.Designer.cs,C:\Users\ABHISHEK SANODIYA\Desktop\Dependency\employee-attendance\Resources\ds_finalpro.Designer.cs,c_sharp
Fill,ds_finalpro.Designer.cs,C:\Users\ABHISHEK SANODIYA\Desktop\Dependency\employee-attendance\Resources\ds_finalpro.Designer.cs,c_sharp
ShouldSerializeTables,ds_finalpro.Designer.cs,C:\Users\ABHISHEK SANODIYA\Desktop\Dependency\employee-attendance\Resources\ds_finalpro.Designer.cs,c_sharp
SortSelfReferenceRows,ds_finalpro.Designer.cs,C:\Users\ABHISHEK SANODIYA\Desktop\Dependency\employee-attendance\Resources\ds_finalpro.Designer.cs,c_sharp
GetTypedDataSetSchema,ds_finalpro.Designer.cs,C:\Users\ABHISHEK SANODIYA\Desktop\Dependency\employee-attendance\Resources\ds_finalpro.Designer.cs,c_sharp
Removetbl_AdminRow,ds_finalpro.Designer.cs,C:\Users\ABHISHEK SANODIYA\Desktop\Dependency\employee-attendance\Resources\ds_finalpro.Designer.cs,c_sharp
ReadXmlSerializable,ds_finalpro.Designer.cs,C:\Users\ABHISHEK SANODIYA\Desktop\Dependency\employee-attendance\Resources\ds_finalpro.Designer.cs,c_sharp
Addtbl_AttendRow,ds_finalpro.Designer.cs,C:\Users\ABHISHEK SANODIYA\Desktop\Dependency\employee-attendance\Resources\ds_finalpro.Designer.cs,c_sharp
InitConnection,ds_finalpro.Designer.cs,C:\Users\ABHISHEK SANODIYA\Desktop\Dependency\employee-attendance\Resources\ds_finalpro.Designer.cs,c_sharp
Newtbl_AttendRow,ds_finalpro.Designer.cs,C:\Users\ABHISHEK SANODIYA\Desktop\Dependency\employee-attendance\Resources\ds_finalpro.Designer.cs,c_sharp
InitCommandCollection,ds_finalpro.Designer.cs,C:\Users\ABHISHEK SANODIYA\Desktop\Dependency\employee-attendance\Resources\ds_finalpro.Designer.cs,c_sharp
UpdateInsertedRows,ds_finalpro.Designer.cs,C:\Users\ABHISHEK SANODIYA\Desktop\Dependency\employee-attendance\Resources\ds_finalpro.Designer.cs,c_sharp
OnRowDeleting,ds_finalpro.Designer.cs,C:\Users\ABHISHEK SANODIYA\Desktop\Dependency\employee-attendance\Resources\ds_finalpro.Designer.cs,c_sharp
Addtbl_AdminRow,ds_finalpro.Designer.cs,C:\Users\ABHISHEK SANODIYA\Desktop\Dependency\employee-attendance\Resources\ds_finalpro.Designer.cs,c_sharp
MatchTableAdapterConnection,ds_finalpro.Designer.cs,C:\Users\ABHISHEK SANODIYA\Desktop\Dependency\employee-attendance\Resources\ds_finalpro.Designer.cs,c_sharp
Gettbl_EnrollRows,ds_finalpro.Designer.cs,C:\Users\ABHISHEK SANODIYA\Desktop\Dependency\employee-attendance\Resources\ds_finalpro.Designer.cs,c_sharp
GetRealUpdatedRows,ds_finalpro.Designer.cs,C:\Users\ABHISHEK SANODIYA\Desktop\Dependency\employee-attendance\Resources\ds_finalpro.Designer.cs,c_sharp
Newtbl_EmpRow,ds_finalpro.Designer.cs,C:\Users\ABHISHEK SANODIYA\Desktop\Dependency\employee-attendance\Resources\ds_finalpro.Designer.cs,c_sharp
Gettbl_AttendRows,ds_finalpro.Designer.cs,C:\Users\ABHISHEK SANODIYA\Desktop\Dependency\employee-attendance\Resources\ds_finalpro.Designer.cs,c_sharp
Removetbl_AttendRow,ds_finalpro.Designer.cs,C:\Users\ABHISHEK SANODIYA\Desktop\Dependency\employee-attendance\Resources\ds_finalpro.Designer.cs,c_sharp
ShouldSerializetbl_Attend,ds_finalpro.Designer.cs,C:\Users\ABHISHEK SANODIYA\Desktop\Dependency\employee-attendance\Resources\ds_finalpro.Designer.cs,c_sharp
GetRoot,ds_finalpro.Designer.cs,C:\Users\ABHISHEK SANODIYA\Desktop\Dependency\employee-attendance\Resources\ds_finalpro.Designer.cs,c_sharp
Compare,ds_finalpro.Designer.cs,C:\Users\ABHISHEK SANODIYA\Desktop\Dependency\employee-attendance\Resources\ds_finalpro.Designer.cs,c_sharp
GetSchemaSerializable,ds_finalpro.Designer.cs,C:\Users\ABHISHEK SANODIYA\Desktop\Dependency\employee-attendance\Resources\ds_finalpro.Designer.cs,c_sharp
GetRowType,ds_finalpro.Designer.cs,C:\Users\ABHISHEK SANODIYA\Desktop\Dependency\employee-attendance\Resources\ds_finalpro.Designer.cs,c_sharp
Removetbl_EnrollRow,ds_finalpro.Designer.cs,C:\Users\ABHISHEK SANODIYA\Desktop\Dependency\employee-attendance\Resources\ds_finalpro.Designer.cs,c_sharp
UpdateDeletedRows,ds_finalpro.Designer.cs,C:\Users\ABHISHEK SANODIYA\Desktop\Dependency\employee-attendance\Resources\ds_finalpro.Designer.cs,c_sharp
Update,ds_finalpro.Designer.cs,C:\Users\ABHISHEK SANODIYA\Desktop\Dependency\employee-attendance\Resources\ds_finalpro.Designer.cs,c_sharp
Newtbl_deptRow,ds_finalpro.Designer.cs,C:\Users\ABHISHEK SANODIYA\Desktop\Dependency\employee-attendance\Resources\ds_finalpro.Designer.cs,c_sharp
GetTypedTableSchema,ds_finalpro.Designer.cs,C:\Users\ABHISHEK SANODIYA\Desktop\Dependency\employee-attendance\Resources\ds_finalpro.Designer.cs,c_sharp
Delete,ds_finalpro.Designer.cs,C:\Users\ABHISHEK SANODIYA\Desktop\Dependency\employee-attendance\Resources\ds_finalpro.Designer.cs,c_sharp
ShouldSerializeRelations,ds_finalpro.Designer.cs,C:\Users\ABHISHEK SANODIYA\Desktop\Dependency\employee-attendance\Resources\ds_finalpro.Designer.cs,c_sharp
Newtbl_AdminRow,ds_finalpro.Designer.cs,C:\Users\ABHISHEK SANODIYA\Desktop\Dependency\employee-attendance\Resources\ds_finalpro.Designer.cs,c_sharp
Gettbl_EmpRows,ds_finalpro.Designer.cs,C:\Users\ABHISHEK SANODIYA\Desktop\Dependency\employee-attendance\Resources\ds_finalpro.Designer.cs,c_sharp
ShouldSerializetbl_dept,ds_finalpro.Designer.cs,C:\Users\ABHISHEK SANODIYA\Desktop\Dependency\employee-attendance\Resources\ds_finalpro.Designer.cs,c_sharp
InitAdapter,ds_finalpro.Designer.cs,C:\Users\ABHISHEK SANODIYA\Desktop\Dependency\employee-attendance\Resources\ds_finalpro.Designer.cs,c_sharp
OnRowDeleted,ds_finalpro.Designer.cs,C:\Users\ABHISHEK SANODIYA\Desktop\Dependency\employee-attendance\Resources\ds_finalpro.Designer.cs,c_sharp
OnRowChanged,ds_finalpro.Designer.cs,C:\Users\ABHISHEK SANODIYA\Desktop\Dependency\employee-attendance\Resources\ds_finalpro.Designer.cs,c_sharp
ShouldSerializetbl_Admin,ds_finalpro.Designer.cs,C:\Users\ABHISHEK SANODIYA\Desktop\Dependency\employee-attendance\Resources\ds_finalpro.Designer.cs,c_sharp
CreateInstance,ds_finalpro.Designer.cs,C:\Users\ABHISHEK SANODIYA\Desktop\Dependency\employee-attendance\Resources\ds_finalpro.Designer.cs,c_sharp
SetImg_ModelNull,ds_finalpro.Designer.cs,C:\Users\ABHISHEK SANODIYA\Desktop\Dependency\employee-attendance\Resources\ds_finalpro.Designer.cs,c_sharp
FindByDept_Id,ds_finalpro.Designer.cs,C:\Users\ABHISHEK SANODIYA\Desktop\Dependency\employee-attendance\Resources\ds_finalpro.Designer.cs,c_sharp
FindByAdmin_Id,ds_finalpro.Designer.cs,C:\Users\ABHISHEK SANODIYA\Desktop\Dependency\employee-attendance\Resources\ds_finalpro.Designer.cs,c_sharp
