calling_file,calling_file_full_path,function_called,defined_in_file,defined_in_full_path
AdminPanel.cs,C:\Users\ABHISHEK SANODIYA\Desktop\Dependency\employee-attendance\AdminPanel.cs,InitializeComponent,Rep_Attend.Designer.cs,C:\Users\ABHISHEK SANODIYA\Desktop\Dependency\employee-attendance\Rep_Attend.Designer.cs
AdminPanel.Designer.cs,C:\Users\ABHISHEK SANODIYA\Desktop\Dependency\employee-attendance\AdminPanel.Designer.cs,Dispose,Rep_Attend.Designer.cs,C:\Users\ABHISHEK SANODIYA\Desktop\Dependency\employee-attendance\Rep_Attend.Designer.cs
Attendance.cs,C:\Users\ABHISHEK SANODIYA\Desktop\Dependency\employee-attendance\Attendance.cs,Recognize,EigenObjectRecognizer.cs,C:\Users\ABHISHEK SANODIYA\Desktop\Dependency\employee-attendance\EigenObjectRecognizer.cs
Attendance.cs,C:\Users\ABHISHEK SANODIYA\Desktop\Dependency\employee-attendance\Attendance.cs,InitializeComponent,Rep_Attend.Designer.cs,C:\Users\ABHISHEK SANODIYA\Desktop\Dependency\employee-attendance\Rep_Attend.Designer.cs
Attendance.Designer.cs,C:\Users\ABHISHEK SANODIYA\Desktop\Dependency\employee-attendance\Attendance.Designer.cs,Dispose,Rep_Attend.Designer.cs,C:\Users\ABHISHEK SANODIYA\Desktop\Dependency\employee-attendance\Rep_Attend.Designer.cs
DatabaseConnection.cs,C:\Users\ABHISHEK SANODIYA\Desktop\Dependency\employee-attendance\DatabaseConnection.cs,Fill,ds_finalpro.Designer.cs,C:\Users\ABHISHEK SANODIYA\Desktop\Dependency\employee-attendance\Resources\ds_finalpro.Designer.cs
DatabaseConnection.cs,C:\Users\ABHISHEK SANODIYA\Desktop\Dependency\employee-attendance\DatabaseConnection.cs,Update,ds_finalpro.Designer.cs,C:\Users\ABHISHEK SANODIYA\Desktop\Dependency\employee-attendance\Resources\ds_finalpro.Designer.cs
Edit_emp.cs,C:\Users\ABHISHEK SANODIYA\Desktop\Dependency\employee-attendance\Edit_emp.cs,Fill,ds_finalpro.Designer.cs,C:\Users\ABHISHEK SANODIYA\Desktop\Dependency\employee-attendance\Resources\ds_finalpro.Designer.cs
Edit_emp.cs,C:\Users\ABHISHEK SANODIYA\Desktop\Dependency\employee-attendance\Edit_emp.cs,InitializeComponent,Rep_Attend.Designer.cs,C:\Users\ABHISHEK SANODIYA\Desktop\Dependency\employee-attendance\Rep_Attend.Designer.cs
Edit_emp.Designer.cs,C:\Users\ABHISHEK SANODIYA\Desktop\Dependency\employee-attendance\Edit_emp.Designer.cs,Dispose,Rep_Attend.Designer.cs,C:\Users\ABHISHEK SANODIYA\Desktop\Dependency\employee-attendance\Rep_Attend.Designer.cs
Edit_emp2.cs,C:\Users\ABHISHEK SANODIYA\Desktop\Dependency\employee-attendance\Edit_emp2.cs,InitializeComponent,Rep_Attend.Designer.cs,C:\Users\ABHISHEK SANODIYA\Desktop\Dependency\employee-attendance\Rep_Attend.Designer.cs
Edit_emp2.Designer.cs,C:\Users\ABHISHEK SANODIYA\Desktop\Dependency\employee-attendance\Edit_emp2.Designer.cs,Dispose,Rep_Attend.Designer.cs,C:\Users\ABHISHEK SANODIYA\Desktop\Dependency\employee-attendance\Rep_Attend.Designer.cs
Enroll.cs,C:\Users\ABHISHEK SANODIYA\Desktop\Dependency\employee-attendance\Enroll.cs,InitializeComponent,Rep_Attend.Designer.cs,C:\Users\ABHISHEK SANODIYA\Desktop\Dependency\employee-attendance\Rep_Attend.Designer.cs
Enroll.cs,C:\Users\ABHISHEK SANODIYA\Desktop\Dependency\employee-attendance\Enroll.cs,Recognize,EigenObjectRecognizer.cs,C:\Users\ABHISHEK SANODIYA\Desktop\Dependency\employee-attendance\EigenObjectRecognizer.cs
Enroll.Designer.cs,C:\Users\ABHISHEK SANODIYA\Desktop\Dependency\employee-attendance\Enroll.Designer.cs,Dispose,Rep_Attend.Designer.cs,C:\Users\ABHISHEK SANODIYA\Desktop\Dependency\employee-attendance\Rep_Attend.Designer.cs
Form2.cs,C:\Users\ABHISHEK SANODIYA\Desktop\Dependency\employee-attendance\Form2.cs,InitializeComponent,Rep_Attend.Designer.cs,C:\Users\ABHISHEK SANODIYA\Desktop\Dependency\employee-attendance\Rep_Attend.Designer.cs
Form2.Designer.cs,C:\Users\ABHISHEK SANODIYA\Desktop\Dependency\employee-attendance\Form2.Designer.cs,Dispose,Rep_Attend.Designer.cs,C:\Users\ABHISHEK SANODIYA\Desktop\Dependency\employee-attendance\Rep_Attend.Designer.cs
leave.cs,C:\Users\ABHISHEK SANODIYA\Desktop\Dependency\employee-attendance\leave.cs,InitializeComponent,Rep_Attend.Designer.cs,C:\Users\ABHISHEK SANODIYA\Desktop\Dependency\employee-attendance\Rep_Attend.Designer.cs
leave.Designer.cs,C:\Users\ABHISHEK SANODIYA\Desktop\Dependency\employee-attendance\leave.Designer.cs,Dispose,Rep_Attend.Designer.cs,C:\Users\ABHISHEK SANODIYA\Desktop\Dependency\employee-attendance\Rep_Attend.Designer.cs
Login.cs,C:\Users\ABHISHEK SANODIYA\Desktop\Dependency\employee-attendance\Login.cs,InitializeComponent,Rep_Attend.Designer.cs,C:\Users\ABHISHEK SANODIYA\Desktop\Dependency\employee-attendance\Rep_Attend.Designer.cs
Login.Designer.cs,C:\Users\ABHISHEK SANODIYA\Desktop\Dependency\employee-attendance\Login.Designer.cs,Dispose,Rep_Attend.Designer.cs,C:\Users\ABHISHEK SANODIYA\Desktop\Dependency\employee-attendance\Rep_Attend.Designer.cs
Panel.cs,C:\Users\ABHISHEK SANODIYA\Desktop\Dependency\employee-attendance\Panel.cs,Recognize,EigenObjectRecognizer.cs,C:\Users\ABHISHEK SANODIYA\Desktop\Dependency\employee-attendance\EigenObjectRecognizer.cs
Panel.cs,C:\Users\ABHISHEK SANODIYA\Desktop\Dependency\employee-attendance\Panel.cs,InitializeComponent,Rep_Attend.Designer.cs,C:\Users\ABHISHEK SANODIYA\Desktop\Dependency\employee-attendance\Rep_Attend.Designer.cs
Panel.Designer.cs,C:\Users\ABHISHEK SANODIYA\Desktop\Dependency\employee-attendance\Panel.Designer.cs,Dispose,Rep_Attend.Designer.cs,C:\Users\ABHISHEK SANODIYA\Desktop\Dependency\employee-attendance\Rep_Attend.Designer.cs
PayForm.cs,C:\Users\ABHISHEK SANODIYA\Desktop\Dependency\employee-attendance\PayForm.cs,InitializeComponent,Rep_Attend.Designer.cs,C:\Users\ABHISHEK SANODIYA\Desktop\Dependency\employee-attendance\Rep_Attend.Designer.cs
PayForm.Designer.cs,C:\Users\ABHISHEK SANODIYA\Desktop\Dependency\employee-attendance\PayForm.Designer.cs,Dispose,Rep_Attend.Designer.cs,C:\Users\ABHISHEK SANODIYA\Desktop\Dependency\employee-attendance\Rep_Attend.Designer.cs
Rep_Attend.cs,C:\Users\ABHISHEK SANODIYA\Desktop\Dependency\employee-attendance\Rep_Attend.cs,Fill,ds_finalpro.Designer.cs,C:\Users\ABHISHEK SANODIYA\Desktop\Dependency\employee-attendance\Resources\ds_finalpro.Designer.cs
Rep_Attend.cs,C:\Users\ABHISHEK SANODIYA\Desktop\Dependency\employee-attendance\Rep_Attend.cs,InitializeComponent,Rep_Attend.Designer.cs,C:\Users\ABHISHEK SANODIYA\Desktop\Dependency\employee-attendance\Rep_Attend.Designer.cs
