{
  "total_vulnerabilities": 27,
  "successful_fixes": 27,
  "failed_fixes": 0,
  "success_rate": "100.00%",
  "details": {
    "successful": [
      {
        "status": "success",
        "file": "Program.cs",
        "vulnerability": "Hard-coded Credentials",
        "line": "12",
        "output_path": "output/fixed_code\\Program.cs",
        "changes_applied": 1
      },
      {
        "status": "success",
        "file": "Program.cs",
        "vulnerability": "Hard-coded Database Credentials",
        "line": "13",
        "output_path": "output/fixed_code\\Program.cs",
        "changes_applied": 2
      },
      {
        "status": "success",
        "file": "UserController.cs",
        "vulnerability": "SQL Injection",
        "line": "20-21",
        "output_path": "output/fixed_code\\Controllers/UserController.cs",
        "changes_applied": 3
      },
      {
        "status": "success",
        "file": "UserController.cs",
        "vulnerability": "Exposure of Sensitive Information in Logs",
        "line": "27",
        "output_path": "output/fixed_code\\Controllers/UserController.cs",
        "changes_applied": 1
      },
      {
        "status": "success",
        "file": "UserController.cs",
        "vulnerability": "Insufficient Password Strength",
        "line": "34-38",
        "output_path": "output/fixed_code\\Controllers/UserController.cs",
        "changes_applied": 2
      },
      {
        "status": "success",
        "file": "UserController.cs",
        "vulnerability": "SQL Injection",
        "line": "44",
        "output_path": "output/fixed_code\\Controllers/UserController.cs",
        "changes_applied": 3
      },
      {
        "status": "success",
        "file": "UserController.cs",
        "vulnerability": "Path Traversal",
        "line": "52",
        "output_path": "output/fixed_code\\Controllers/UserController.cs",
        "changes_applied": 2
      },
      {
        "status": "success",
        "file": "UserController.cs",
        "vulnerability": "Cross-Site Request Forgery (CSRF)",
        "line": "58-61",
        "output_path": "output/fixed_code\\Controllers/UserController.cs",
        "changes_applied": 3
      },
      {
        "status": "success",
        "file": "UserController.cs",
        "vulnerability": "SQL Injection",
        "line": "60",
        "output_path": "output/fixed_code\\Controllers/UserController.cs",
        "changes_applied": 2
      },
      {
        "status": "success",
        "file": "AuthenticationService.cs",
        "vulnerability": "Use of Weak Cryptographic Algorithm",
        "line": "20",
        "output_path": "output/fixed_code\\Services/AuthenticationService.cs",
        "changes_applied": 3
      },
      {
        "status": "success",
        "file": "AuthenticationService.cs",
        "vulnerability": "Insecure Random Number Generation",
        "line": "25-28",
        "output_path": "output/fixed_code\\Services/AuthenticationService.cs",
        "changes_applied": 2
      },
      {
        "status": "success",
        "file": "AuthenticationService.cs",
        "vulnerability": "Session Fixation",
        "line": "33-39",
        "output_path": "output/fixed_code\\Services/AuthenticationService.cs",
        "changes_applied": 2
      },
      {
        "status": "success",
        "file": "AuthenticationService.cs",
        "vulnerability": "SQL Injection",
        "line": "37",
        "output_path": "output/fixed_code\\Services/AuthenticationService.cs",
        "changes_applied": 2
      },
      {
        "status": "success",
        "file": "AuthenticationService.cs",
        "vulnerability": "Observable Timing Discrepancy",
        "line": "44-51",
        "output_path": "output/fixed_code\\Services/AuthenticationService.cs",
        "changes_applied": 4
      },
      {
        "status": "success",
        "file": "DatabaseService.cs",
        "vulnerability": "Information Exposure",
        "line": "11-16",
        "output_path": "output/fixed_code\\Services/DatabaseService.cs",
        "changes_applied": 1
      },
      {
        "status": "success",
        "file": "DatabaseService.cs",
        "vulnerability": "SQL Injection",
        "line": "19-34",
        "output_path": "output/fixed_code\\Services/DatabaseService.cs",
        "changes_applied": 3
      },
      {
        "status": "success",
        "file": "DatabaseService.cs",
        "vulnerability": "Information Disclosure Through Error Messages",
        "line": "30-32",
        "output_path": "output/fixed_code\\Services/DatabaseService.cs",
        "changes_applied": 3
      },
      {
        "status": "success",
        "file": "DatabaseService.cs",
        "vulnerability": "SQL Injection",
        "line": "38-44",
        "output_path": "output/fixed_code\\Services/DatabaseService.cs",
        "changes_applied": 1
      },
      {
        "status": "success",
        "file": "DatabaseService.cs",
        "vulnerability": "Improper Resource Shutdown",
        "line": "47-52",
        "output_path": "output/fixed_code\\Services/DatabaseService.cs",
        "changes_applied": 2
      },
      {
        "status": "success",
        "file": "CryptoHelper.cs",
        "vulnerability": "Use of Broken Cryptographic Algorithm",
        "line": "10-24",
        "output_path": "output/fixed_code\\Utils/CryptoHelper.cs",
        "changes_applied": 2
      },
      {
        "status": "success",
        "file": "CryptoHelper.cs",
        "vulnerability": "Hard-coded Encryption Key",
        "line": "29-31",
        "output_path": "output/fixed_code\\Utils/CryptoHelper.cs",
        "changes_applied": 3
      },
      {
        "status": "success",
        "file": "CryptoHelper.cs",
        "vulnerability": "Use of Insecure Cipher Mode",
        "line": "36",
        "output_path": "output/fixed_code\\Utils/CryptoHelper.cs",
        "changes_applied": 1
      },
      {
        "status": "success",
        "file": "CryptoHelper.cs",
        "vulnerability": "Inadequate Encryption Strength",
        "line": "47-51",
        "output_path": "output/fixed_code\\Utils/CryptoHelper.cs",
        "changes_applied": 2
      },
      {
        "status": "success",
        "file": "User.cs",
        "vulnerability": "Cleartext Storage of Sensitive Information",
        "line": "11",
        "output_path": "output/fixed_code\\Models/User.cs",
        "changes_applied": 1
      },
      {
        "status": "success",
        "file": "User.cs",
        "vulnerability": "Privacy Violation",
        "line": "15-16",
        "output_path": "output/fixed_code\\Models/User.cs",
        "changes_applied": 5
      },
      {
        "status": "success",
        "file": "User.cs",
        "vulnerability": "Exposure of Sensitive Information",
        "line": "19-23",
        "output_path": "output/fixed_code\\Models/User.cs",
        "changes_applied": 5
      },
      {
        "status": "success",
        "file": "User.cs",
        "vulnerability": "Information Exposure Through Sent Data",
        "line": "26-29",
        "output_path": "output/fixed_code\\Models/User.cs",
        "changes_applied": 1
      }
    ],
    "failed": []
  }
}